Entity,Code,Year,number_electdem_91plus_row_owid,number_electdem_90_row_owid,number_electdem_60_row_owid,number_electdem_30_row_owid,number_electdem_18_row_owid,number_electaut_row_owid,number_closedaut_row_owid
Africa,,1789,0,0,0,0,0,0,5
Africa,,1790,0,0,0,0,0,0,5
Africa,,1791,0,0,0,0,0,0,5
Africa,,1792,0,0,0,0,0,0,5
Africa,,1793,0,0,0,0,0,0,5
Africa,,1794,0,0,0,0,0,0,5
Africa,,1795,0,0,0,0,0,0,5
Africa,,1796,0,0,0,0,0,0,5
Africa,,1797,0,0,0,0,0,0,5
Africa,,1798,0,0,0,0,0,0,5
Africa,,1799,0,0,0,0,0,0,5
Africa,,1800,0,0,0,0,0,0,5
Africa,,1801,0,0,0,0,0,0,5
Africa,,1802,0,0,0,0,0,0,5
Africa,,1803,0,0,0,0,0,0,5
Africa,,1804,0,0,0,0,0,0,5
Africa,,1805,0,0,0,0,0,0,5
Africa,,1806,0,0,0,0,0,0,5
Africa,,1807,0,0,0,0,0,0,5
Africa,,1808,0,0,0,0,0,0,5
Africa,,1809,0,0,0,0,0,0,5
Africa,,1810,0,0,0,0,0,0,4
Africa,,1811,0,0,0,0,0,0,4
Africa,,1812,0,0,0,0,0,0,4
Africa,,1813,0,0,0,0,0,0,4
Africa,,1814,0,0,0,0,0,0,4
Africa,,1815,0,0,0,0,0,0,4
Africa,,1816,0,0,0,0,0,0,4
Africa,,1817,0,0,0,0,0,0,5
Africa,,1818,0,0,0,0,0,0,5
Africa,,1819,0,0,0,0,0,0,5
Africa,,1820,0,0,0,0,0,0,5
Africa,,1821,0,0,0,0,0,0,6
Africa,,1822,0,0,0,0,0,0,6
Africa,,1823,0,0,0,0,0,0,6
Africa,,1824,0,0,0,0,0,0,6
Africa,,1825,0,0,0,0,0,0,6
Africa,,1826,0,0,0,0,0,0,6
Africa,,1827,0,0,0,0,0,0,6
Africa,,1828,0,0,0,0,0,0,6
Africa,,1829,0,0,0,0,0,0,6
Africa,,1830,0,0,0,0,0,0,6
Africa,,1831,0,0,0,0,0,0,6
Africa,,1832,0,0,0,0,0,0,6
Africa,,1833,0,0,0,0,0,0,6
Africa,,1834,0,0,0,0,0,0,6
Africa,,1835,0,0,0,0,0,0,6
Africa,,1836,0,0,0,0,0,0,6
Africa,,1837,0,0,0,0,0,0,6
Africa,,1838,0,0,0,0,0,0,6
Africa,,1839,0,0,0,0,0,0,6
Africa,,1840,0,0,0,0,0,0,6
Africa,,1841,0,0,0,0,0,0,6
Africa,,1842,0,0,0,0,0,0,6
Africa,,1843,0,0,0,0,0,0,6
Africa,,1844,0,0,0,0,0,0,6
Africa,,1845,0,0,0,0,0,0,6
Africa,,1846,0,0,0,0,0,0,6
Africa,,1847,0,0,0,0,0,0,6
Africa,,1848,0,0,0,0,0,1,5
Africa,,1849,0,0,0,0,0,1,5
Africa,,1850,0,0,0,0,0,1,5
Africa,,1851,0,0,0,0,0,1,5
Africa,,1852,0,0,0,0,0,1,5
Africa,,1853,0,0,0,0,0,1,5
Africa,,1854,0,0,0,0,0,1,5
Africa,,1855,0,0,0,0,0,1,5
Africa,,1856,0,0,0,0,0,1,5
Africa,,1857,0,0,0,0,0,1,5
Africa,,1858,0,0,0,0,0,1,5
Africa,,1859,0,0,0,0,0,1,5
Africa,,1860,0,0,0,0,0,1,5
Africa,,1861,0,0,0,0,0,1,5
Africa,,1862,0,0,0,0,0,1,5
Africa,,1863,0,0,0,0,0,1,5
Africa,,1864,0,0,0,0,0,1,5
Africa,,1865,0,0,0,0,0,1,5
Africa,,1866,0,0,0,0,0,1,5
Africa,,1867,0,0,0,0,0,1,5
Africa,,1868,0,0,0,0,0,1,5
Africa,,1869,0,0,0,0,0,1,5
Africa,,1870,0,0,0,0,0,1,5
Africa,,1871,0,0,0,0,0,1,5
Africa,,1872,0,0,0,0,0,1,5
Africa,,1873,0,0,0,0,0,1,5
Africa,,1874,0,0,0,0,0,1,5
Africa,,1875,0,0,0,0,0,1,5
Africa,,1876,0,0,0,0,0,1,5
Africa,,1877,0,0,0,0,0,1,5
Africa,,1878,0,0,0,0,0,1,5
Africa,,1879,0,0,0,0,0,1,5
Africa,,1880,0,0,0,0,0,1,5
Africa,,1881,0,0,0,0,0,1,5
Africa,,1882,0,0,0,0,0,1,5
Africa,,1883,0,0,0,0,0,1,5
Africa,,1884,0,0,0,0,0,1,5
Africa,,1885,0,0,0,0,0,1,5
Africa,,1886,0,0,0,0,0,1,5
Africa,,1887,0,0,0,0,0,1,5
Africa,,1888,0,0,0,0,0,1,5
Africa,,1889,0,0,0,0,0,1,5
Africa,,1890,0,0,0,0,0,1,5
Africa,,1891,0,0,0,0,0,1,5
Africa,,1892,0,0,0,0,0,1,5
Africa,,1893,0,0,0,0,0,1,5
Africa,,1894,0,0,0,0,0,1,5
Africa,,1895,0,0,0,0,0,1,5
Africa,,1896,0,0,0,0,0,1,5
Africa,,1897,0,0,0,0,0,1,5
Africa,,1898,0,0,0,0,0,1,5
Africa,,1899,0,0,0,0,0,1,5
Africa,,1900,0,0,0,0,0,1,36
Africa,,1901,0,0,0,0,0,1,36
Africa,,1902,0,0,0,0,0,1,37
Africa,,1903,0,0,0,0,0,1,39
Africa,,1904,0,0,0,0,0,1,41
Africa,,1905,0,0,0,0,0,1,41
Africa,,1906,0,0,0,0,0,1,41
Africa,,1907,0,0,0,0,0,1,41
Africa,,1908,0,0,0,0,0,1,41
Africa,,1909,0,0,0,0,0,1,41
Africa,,1910,0,0,0,0,0,2,41
Africa,,1911,0,0,0,0,0,2,43
Africa,,1912,0,0,0,0,0,2,42
Africa,,1913,0,0,0,0,0,2,42
Africa,,1914,0,0,0,0,0,2,43
Africa,,1915,0,0,0,0,0,2,43
Africa,,1916,0,0,0,0,0,2,46
Africa,,1917,0,0,0,0,0,2,46
Africa,,1918,0,0,0,0,0,2,46
Africa,,1919,0,0,0,0,0,2,47
Africa,,1920,0,0,0,0,0,2,49
Africa,,1921,0,0,0,0,0,2,49
Africa,,1922,0,0,0,0,0,2,51
Africa,,1923,0,0,0,0,0,3,50
Africa,,1924,0,0,0,0,0,3,50
Africa,,1925,0,0,0,0,0,3,50
Africa,,1926,0,0,0,0,0,3,50
Africa,,1927,0,0,0,0,0,3,50
Africa,,1928,0,0,0,0,0,3,50
Africa,,1929,0,0,0,0,0,3,50
Africa,,1930,0,0,0,0,0,3,50
Africa,,1931,0,0,0,0,0,3,50
Africa,,1932,0,0,0,0,0,3,49
Africa,,1933,0,0,0,0,0,3,49
Africa,,1934,0,0,0,0,0,3,49
Africa,,1935,0,0,0,0,0,3,49
Africa,,1936,0,0,0,0,0,3,49
Africa,,1937,0,0,0,0,0,3,49
Africa,,1938,0,0,0,0,0,3,49
Africa,,1939,0,0,0,0,0,3,49
Africa,,1940,0,0,0,0,0,3,49
Africa,,1941,0,0,0,0,0,3,49
Africa,,1942,0,0,0,0,0,3,48
Africa,,1943,0,0,0,0,0,3,48
Africa,,1944,0,0,0,0,0,3,48
Africa,,1945,0,0,0,0,0,4,47
Africa,,1946,0,0,0,0,0,4,48
Africa,,1947,0,0,0,0,0,4,49
Africa,,1948,0,0,0,0,0,4,49
Africa,,1949,0,0,0,0,0,4,49
Africa,,1950,0,0,0,0,0,4,49
Africa,,1951,0,0,0,0,0,4,50
Africa,,1952,0,0,0,0,0,4,50
Africa,,1953,0,0,0,0,0,3,51
Africa,,1954,0,0,0,0,0,4,50
Africa,,1955,0,0,0,0,0,4,50
Africa,,1956,0,0,0,0,0,5,49
Africa,,1957,0,0,0,0,0,9,45
Africa,,1958,0,0,0,0,0,11,43
Africa,,1959,0,0,0,0,0,10,44
Africa,,1960,0,0,0,0,0,19,34
Africa,,1961,0,0,0,0,0,24,30
Africa,,1962,0,0,0,0,0,26,28
Africa,,1963,0,0,0,0,0,27,27
Africa,,1964,0,0,0,0,0,26,28
Africa,,1965,0,0,0,0,0,24,30
Africa,,1966,0,0,0,0,0,20,34
Africa,,1967,0,0,0,0,1,17,36
Africa,,1968,0,0,0,0,2,18,33
Africa,,1969,0,0,0,0,2,16,36
Africa,,1970,0,0,0,0,2,17,35
Africa,,1971,0,0,0,0,2,16,36
Africa,,1972,0,0,0,0,2,14,36
Africa,,1973,0,0,0,0,2,13,37
Africa,,1974,0,0,0,0,2,14,37
Africa,,1975,0,0,0,0,2,14,36
Africa,,1976,0,0,0,0,2,15,35
Africa,,1977,0,0,0,0,2,15,36
Africa,,1978,0,0,0,0,2,13,38
Africa,,1979,0,0,0,0,2,18,34
Africa,,1980,0,0,0,0,3,19,31
Africa,,1981,0,0,0,0,2,19,32
Africa,,1982,0,0,0,0,2,18,33
Africa,,1983,0,0,0,0,2,17,33
Africa,,1984,0,0,0,0,2,18,33
Africa,,1985,0,0,0,1,1,18,34
Africa,,1986,0,0,0,2,0,19,33
Africa,,1987,0,0,0,2,0,18,34
Africa,,1988,0,0,0,2,1,17,34
Africa,,1989,0,0,0,2,1,19,32
Africa,,1990,0,0,0,2,2,19,30
Africa,,1991,0,0,0,2,4,18,30
Africa,,1992,0,0,0,2,5,20,28
Africa,,1993,0,0,0,2,8,21,24
Africa,,1994,0,0,0,2,8,23,21
Africa,,1995,0,0,0,2,10,23,19
Africa,,1996,0,0,0,2,11,23,17
Africa,,1997,0,0,1,1,11,27,15
Africa,,1998,0,0,2,0,11,28,14
Africa,,1999,0,0,2,0,11,27,15
Africa,,2000,0,0,2,0,11,28,14
Africa,,2001,0,0,2,0,10,29,14
Africa,,2002,0,0,2,0,12,29,11
Africa,,2003,0,0,2,0,13,27,11
Africa,,2004,0,0,2,0,13,29,10
Africa,,2005,0,0,2,0,13,31,9
Africa,,2006,0,0,2,1,13,32,7
Africa,,2007,0,0,2,1,13,33,6
Africa,,2008,0,0,2,2,13,30,8
Africa,,2009,0,0,2,4,9,32,8
Africa,,2010,0,0,2,5,9,31,7
Africa,,2011,0,0,2,6,9,30,8
Africa,,2012,0,0,2,5,11,31,6
Africa,,2013,0,0,2,6,11,29,8
Africa,,2014,0,0,2,7,12,27,6
Africa,,2015,0,0,2,7,12,29,6
Africa,,2016,0,0,2,7,13,28,6
Africa,,2017,0,0,2,7,13,28,6
Africa,,2018,0,0,3,6,13,28,6
Africa,,2019,0,0,3,5,12,29,7
Africa,,2020,0,0,4,5,10,29,8
Africa,,2021,0,0,6,4,8,28,10
Africa,,2022,0,0,6,4,7,28,11
Asia,,1789,0,0,0,0,0,0,11
Asia,,1790,0,0,0,0,0,0,11
Asia,,1791,0,0,0,0,0,0,11
Asia,,1792,0,0,0,0,0,0,11
Asia,,1793,0,0,0,0,0,0,11
Asia,,1794,0,0,0,0,0,0,11
Asia,,1795,0,0,0,0,0,0,11
Asia,,1796,0,0,0,0,0,0,11
Asia,,1797,0,0,0,0,0,0,11
Asia,,1798,0,0,0,0,0,0,11
Asia,,1799,0,0,0,0,0,0,11
Asia,,1800,0,0,0,0,0,0,12
Asia,,1801,0,0,0,0,0,0,12
Asia,,1802,0,0,0,0,0,0,13
Asia,,1803,0,0,0,0,0,0,13
Asia,,1804,0,0,0,0,0,0,13
Asia,,1805,0,0,0,0,0,0,13
Asia,,1806,0,0,0,0,0,0,13
Asia,,1807,0,0,0,0,0,0,13
Asia,,1808,0,0,0,0,0,0,13
Asia,,1809,0,0,0,0,0,0,13
Asia,,1810,0,0,0,0,0,0,13
Asia,,1811,0,0,0,0,0,0,13
Asia,,1812,0,0,0,0,0,0,13
Asia,,1813,0,0,0,0,0,0,13
Asia,,1814,0,0,0,0,0,0,13
Asia,,1815,0,0,0,0,0,0,13
Asia,,1816,0,0,0,0,0,0,13
Asia,,1817,0,0,0,0,0,0,13
Asia,,1818,0,0,0,0,0,0,13
Asia,,1819,0,0,0,0,0,0,12
Asia,,1820,0,0,0,0,0,0,12
Asia,,1821,0,0,0,0,0,0,12
Asia,,1822,0,0,0,0,0,0,13
Asia,,1823,0,0,0,0,0,0,13
Asia,,1824,0,0,0,0,0,0,13
Asia,,1825,0,0,0,0,0,0,13
Asia,,1826,0,0,0,0,0,0,13
Asia,,1827,0,0,0,0,0,0,13
Asia,,1828,0,0,0,0,0,0,13
Asia,,1829,0,0,0,0,0,0,13
Asia,,1830,0,0,0,0,0,0,13
Asia,,1831,0,0,0,0,0,0,13
Asia,,1832,0,0,0,0,0,0,13
Asia,,1833,0,0,0,0,0,0,13
Asia,,1834,0,0,0,0,0,0,13
Asia,,1835,0,0,0,0,0,0,13
Asia,,1836,0,0,0,0,0,0,13
Asia,,1837,0,0,0,0,0,0,13
Asia,,1838,0,0,0,0,0,0,13
Asia,,1839,0,0,0,0,0,0,13
Asia,,1840,0,0,0,0,0,0,13
Asia,,1841,0,0,0,0,0,0,13
Asia,,1842,0,0,0,0,0,0,13
Asia,,1843,0,0,0,0,0,0,13
Asia,,1844,0,0,0,0,0,0,13
Asia,,1845,0,0,0,0,0,0,13
Asia,,1846,0,0,0,0,0,0,13
Asia,,1847,0,0,0,0,0,0,13
Asia,,1848,0,0,0,0,0,0,13
Asia,,1849,0,0,0,0,0,0,13
Asia,,1850,0,0,0,0,0,0,13
Asia,,1851,0,0,0,0,0,0,12
Asia,,1852,0,0,0,0,0,0,12
Asia,,1853,0,0,0,0,0,0,12
Asia,,1854,0,0,0,0,0,0,12
Asia,,1855,0,0,0,0,0,0,12
Asia,,1856,0,0,0,0,0,0,12
Asia,,1857,0,0,0,0,0,0,12
Asia,,1858,0,0,0,0,0,0,12
Asia,,1859,0,0,0,0,0,0,12
Asia,,1860,0,0,0,0,0,0,12
Asia,,1861,0,0,0,0,0,0,12
Asia,,1862,0,0,0,0,0,0,12
Asia,,1863,0,0,0,0,0,0,12
Asia,,1864,0,0,0,0,0,0,12
Asia,,1865,0,0,0,0,0,0,12
Asia,,1866,0,0,0,0,0,0,12
Asia,,1867,0,0,0,0,0,0,12
Asia,,1868,0,0,0,0,0,0,12
Asia,,1869,0,0,0,0,0,0,12
Asia,,1870,0,0,0,0,0,0,12
Asia,,1871,0,0,0,0,0,0,12
Asia,,1872,0,0,0,0,0,0,12
Asia,,1873,0,0,0,0,0,0,12
Asia,,1874,0,0,0,0,0,0,12
Asia,,1875,0,0,0,0,0,0,12
Asia,,1876,0,0,0,0,0,0,12
Asia,,1877,0,0,0,0,0,0,12
Asia,,1878,0,0,0,0,0,0,12
Asia,,1879,0,0,0,0,0,0,12
Asia,,1880,0,0,0,0,0,0,12
Asia,,1881,0,0,0,0,0,0,12
Asia,,1882,0,0,0,0,0,0,12
Asia,,1883,0,0,0,0,0,0,12
Asia,,1884,0,0,0,0,0,0,12
Asia,,1885,0,0,0,0,0,0,12
Asia,,1886,0,0,0,0,0,0,12
Asia,,1887,0,0,0,0,0,0,11
Asia,,1888,0,0,0,0,0,0,11
Asia,,1889,0,0,0,0,0,0,11
Asia,,1890,0,0,0,0,0,0,11
Asia,,1891,0,0,0,0,0,0,11
Asia,,1892,0,0,0,0,0,0,11
Asia,,1893,0,0,0,0,0,0,11
Asia,,1894,0,0,0,0,0,0,11
Asia,,1895,0,0,0,0,0,0,11
Asia,,1896,0,0,0,0,0,0,11
Asia,,1897,0,0,0,0,0,0,11
Asia,,1898,0,0,0,0,0,0,11
Asia,,1899,0,0,0,0,0,0,11
Asia,,1900,0,0,0,0,0,0,28
Asia,,1901,0,0,0,0,0,0,28
Asia,,1902,0,0,0,0,0,0,29
Asia,,1903,0,0,0,0,0,0,29
Asia,,1904,0,0,0,0,0,0,29
Asia,,1905,0,0,0,0,0,0,29
Asia,,1906,0,0,0,0,0,0,29
Asia,,1907,0,0,0,0,0,0,29
Asia,,1908,0,0,0,0,0,0,29
Asia,,1909,0,0,0,0,0,0,29
Asia,,1910,0,0,0,0,0,0,29
Asia,,1911,0,0,0,0,0,0,30
Asia,,1912,0,0,0,0,0,0,31
Asia,,1913,0,0,0,0,0,0,31
Asia,,1914,0,0,0,0,0,0,31
Asia,,1915,0,0,0,0,0,0,31
Asia,,1916,0,0,0,0,0,0,31
Asia,,1917,0,0,0,0,0,0,31
Asia,,1918,0,0,0,0,0,0,34
Asia,,1919,0,0,0,0,0,0,35
Asia,,1920,0,0,0,0,0,0,35
Asia,,1921,0,0,0,0,0,0,34
Asia,,1922,0,0,0,0,0,1,35
Asia,,1923,0,0,0,0,0,0,36
Asia,,1924,0,0,0,0,0,0,36
Asia,,1925,0,0,0,0,0,0,36
Asia,,1926,0,0,0,0,0,0,36
Asia,,1927,0,0,0,0,0,0,36
Asia,,1928,0,0,0,0,0,0,36
Asia,,1929,0,0,0,0,0,0,36
Asia,,1930,0,0,0,0,0,0,36
Asia,,1931,0,0,0,0,0,0,36
Asia,,1932,0,0,0,0,0,0,36
Asia,,1933,0,0,0,0,0,1,35
Asia,,1934,0,0,0,0,0,1,35
Asia,,1935,0,0,0,0,0,1,35
Asia,,1936,0,0,0,0,0,1,35
Asia,,1937,0,0,0,0,0,1,35
Asia,,1938,0,0,0,0,0,1,35
Asia,,1939,0,0,0,0,0,1,35
Asia,,1940,0,0,0,0,0,1,35
Asia,,1941,0,0,0,0,0,1,35
Asia,,1942,0,0,0,0,0,1,35
Asia,,1943,0,0,0,0,0,2,34
Asia,,1944,0,0,0,0,0,2,34
Asia,,1945,0,0,0,0,0,3,35
Asia,,1946,0,0,0,0,0,5,33
Asia,,1947,0,0,0,0,0,8,31
Asia,,1948,0,0,0,0,1,7,34
Asia,,1949,0,0,0,0,2,6,33
Asia,,1950,0,0,0,0,2,7,31
Asia,,1951,0,0,0,0,2,8,30
Asia,,1952,0,0,0,0,4,8,28
Asia,,1953,0,0,0,0,4,9,27
Asia,,1954,0,0,0,0,4,9,27
Asia,,1955,0,0,0,0,4,13,22
Asia,,1956,0,0,0,0,5,13,22
Asia,,1957,0,0,0,0,5,13,22
Asia,,1958,0,0,0,0,4,12,24
Asia,,1959,0,0,0,0,4,13,23
Asia,,1960,0,0,0,0,4,11,25
Asia,,1961,0,0,0,0,4,11,25
Asia,,1962,0,0,0,0,4,9,27
Asia,,1963,0,0,0,0,4,9,27
Asia,,1964,0,0,0,0,4,8,28
Asia,,1965,0,0,0,0,4,9,27
Asia,,1966,0,0,0,1,4,9,26
Asia,,1967,0,0,0,2,3,10,25
Asia,,1968,0,0,0,2,3,10,25
Asia,,1969,0,0,0,2,3,10,25
Asia,,1970,0,0,0,4,1,9,26
Asia,,1971,0,0,0,4,0,10,28
Asia,,1972,0,0,0,4,1,9,27
Asia,,1973,0,0,0,4,1,12,25
Asia,,1974,0,0,0,4,1,12,25
Asia,,1975,0,0,0,3,1,14,24
Asia,,1976,0,0,0,3,1,10,27
Asia,,1977,0,0,0,3,2,8,27
Asia,,1978,0,0,1,2,2,8,27
Asia,,1979,0,0,2,1,2,9,27
Asia,,1980,0,0,2,1,1,11,26
Asia,,1981,0,0,2,1,1,11,26
Asia,,1982,0,0,3,0,1,10,27
Asia,,1983,0,0,2,0,1,12,26
Asia,,1984,0,0,2,0,1,12,26
Asia,,1985,0,0,2,0,1,13,25
Asia,,1986,0,0,2,0,1,15,23
Asia,,1987,0,0,2,0,1,15,23
Asia,,1988,0,0,2,0,3,14,22
Asia,,1989,0,0,2,0,3,15,21
Asia,,1990,0,0,2,0,5,17,25
Asia,,1991,0,0,2,0,6,17,23
Asia,,1992,0,0,2,0,7,18,21
Asia,,1993,0,0,2,0,7,18,21
Asia,,1994,0,0,2,0,7,19,20
Asia,,1995,0,0,2,1,6,20,19
Asia,,1996,0,0,2,1,6,23,16
Asia,,1997,0,0,2,1,7,22,16
Asia,,1998,0,0,2,1,8,21,16
Asia,,1999,0,0,2,1,9,19,17
Asia,,2000,0,0,2,1,8,19,18
Asia,,2001,0,0,2,1,10,17,18
Asia,,2002,0,0,2,1,10,18,17
Asia,,2003,0,0,2,1,10,18,17
Asia,,2004,0,0,2,1,10,18,16
Asia,,2005,0,0,2,1,9,21,15
Asia,,2006,0,0,2,2,7,22,15
Asia,,2007,0,0,3,1,6,21,18
Asia,,2008,0,0,3,2,5,24,14
Asia,,2009,0,1,2,3,6,22,14
Asia,,2010,0,1,2,3,7,21,14
Asia,,2011,0,1,2,3,7,22,13
Asia,,2012,0,2,1,3,8,21,13
Asia,,2013,0,2,1,2,6,23,14
Asia,,2014,0,2,1,2,7,20,16
Asia,,2015,0,2,1,3,7,19,16
Asia,,2016,0,2,1,3,7,18,17
Asia,,2017,0,2,0,4,6,19,17
Asia,,2018,0,2,1,3,6,20,16
Asia,,2019,0,2,1,3,7,20,15
Asia,,2020,0,2,1,4,6,20,15
Asia,,2021,0,2,2,3,6,18,17
Asia,,2022,0,2,2,3,6,17,18
Europe,,1789,0,0,0,0,0,0,23
Europe,,1790,0,0,0,0,0,1,24
Europe,,1791,0,0,0,0,0,1,24
Europe,,1792,0,0,0,0,0,2,23
Europe,,1793,0,0,0,0,0,2,23
Europe,,1794,0,0,0,0,0,2,23
Europe,,1795,0,0,0,0,0,2,23
Europe,,1796,0,0,0,0,0,3,20
Europe,,1797,0,0,0,0,0,3,20
Europe,,1798,0,0,0,0,0,3,20
Europe,,1799,0,0,0,0,0,1,22
Europe,,1800,0,0,0,0,0,1,23
Europe,,1801,0,0,0,0,0,1,22
Europe,,1802,0,0,0,0,0,1,23
Europe,,1803,0,0,0,0,0,1,22
Europe,,1804,0,0,0,0,0,1,22
Europe,,1805,0,0,0,0,0,1,22
Europe,,1806,0,0,0,0,0,1,22
Europe,,1807,0,0,0,0,0,1,24
Europe,,1808,0,0,0,0,0,1,23
Europe,,1809,0,0,0,0,0,1,24
Europe,,1810,0,0,0,0,0,1,23
Europe,,1811,0,0,0,0,0,1,21
Europe,,1812,0,0,0,0,0,1,21
Europe,,1813,0,0,0,0,0,1,23
Europe,,1814,0,0,0,0,0,1,25
Europe,,1815,0,0,0,0,0,1,28
Europe,,1816,0,0,0,0,0,1,28
Europe,,1817,0,0,0,0,0,1,28
Europe,,1818,0,0,0,0,0,1,28
Europe,,1819,0,0,0,0,0,1,29
Europe,,1820,0,0,0,0,0,1,29
Europe,,1821,0,0,0,0,0,1,29
Europe,,1822,0,0,0,0,0,1,30
Europe,,1823,0,0,0,0,0,2,29
Europe,,1824,0,0,0,0,0,1,30
Europe,,1825,0,0,0,0,0,1,30
Europe,,1826,0,0,0,0,0,1,30
Europe,,1827,0,0,0,0,0,1,30
Europe,,1828,0,0,0,0,0,1,30
Europe,,1829,0,0,0,0,0,1,30
Europe,,1830,0,0,0,0,0,1,31
Europe,,1831,0,0,0,0,0,1,32
Europe,,1832,0,0,0,0,0,2,32
Europe,,1833,0,0,0,0,0,2,32
Europe,,1834,0,0,0,0,0,2,33
Europe,,1835,0,0,0,0,0,2,33
Europe,,1836,0,0,0,0,0,3,32
Europe,,1837,0,0,0,0,0,3,32
Europe,,1838,0,0,0,0,0,3,32
Europe,,1839,0,0,0,0,0,3,32
Europe,,1840,0,0,0,0,0,2,33
Europe,,1841,0,0,0,0,0,2,33
Europe,,1842,0,0,0,0,0,2,33
Europe,,1843,0,0,0,0,0,2,33
Europe,,1844,0,0,0,0,0,2,33
Europe,,1845,0,0,0,0,0,2,33
Europe,,1846,0,0,0,0,0,2,34
Europe,,1847,0,0,0,0,0,2,33
Europe,,1848,0,0,0,0,0,7,30
Europe,,1849,0,0,0,0,1,5,31
Europe,,1850,0,0,0,0,1,5,31
Europe,,1851,0,0,0,0,1,4,32
Europe,,1852,0,0,0,0,1,4,32
Europe,,1853,0,0,0,0,1,4,32
Europe,,1854,0,0,0,0,1,4,32
Europe,,1855,0,0,0,0,1,4,32
Europe,,1856,0,0,0,0,1,4,32
Europe,,1857,0,0,0,0,1,4,32
Europe,,1858,0,0,0,0,1,5,31
Europe,,1859,0,0,0,0,1,4,32
Europe,,1860,0,0,0,0,1,4,30
Europe,,1861,0,0,0,0,1,4,29
Europe,,1862,0,0,0,0,1,4,27
Europe,,1863,0,0,0,0,1,4,28
Europe,,1864,0,0,0,0,1,4,28
Europe,,1865,0,0,0,0,1,6,26
Europe,,1866,0,0,0,0,1,5,27
Europe,,1867,0,0,0,1,0,5,24
Europe,,1868,0,0,0,1,0,5,17
Europe,,1869,0,0,0,1,0,6,16
Europe,,1870,0,0,0,1,0,7,15
Europe,,1871,0,0,0,1,0,7,15
Europe,,1872,0,0,0,1,0,7,11
Europe,,1873,0,0,0,1,0,7,11
Europe,,1874,0,0,0,1,1,5,12
Europe,,1875,0,0,0,1,1,6,11
Europe,,1876,0,0,0,1,1,6,11
Europe,,1877,0,0,0,1,1,6,11
Europe,,1878,0,0,0,1,1,6,12
Europe,,1879,0,0,1,0,1,6,12
Europe,,1880,0,0,1,0,1,6,12
Europe,,1881,0,0,1,0,1,6,12
Europe,,1882,0,0,1,0,1,7,11
Europe,,1883,0,0,1,0,1,7,11
Europe,,1884,0,0,1,0,1,7,11
Europe,,1885,0,0,1,0,1,7,11
Europe,,1886,0,0,1,0,1,8,10
Europe,,1887,0,0,1,0,1,7,11
Europe,,1888,0,0,1,0,1,7,11
Europe,,1889,0,0,1,0,1,7,11
Europe,,1890,0,0,1,0,1,7,11
Europe,,1891,0,0,1,0,1,7,11
Europe,,1892,0,0,1,1,0,7,11
Europe,,1893,0,0,1,1,0,7,11
Europe,,1894,0,0,1,1,0,7,11
Europe,,1895,0,0,1,1,0,7,11
Europe,,1896,0,0,1,1,0,7,11
Europe,,1897,0,0,1,1,1,6,11
Europe,,1898,0,0,1,1,0,7,11
Europe,,1899,0,0,1,1,0,7,11
Europe,,1900,0,0,1,1,1,6,15
Europe,,1901,0,0,1,1,1,7,14
Europe,,1902,0,0,1,1,2,6,14
Europe,,1903,0,0,1,1,2,6,14
Europe,,1904,0,0,2,0,3,6,13
Europe,,1905,0,0,2,0,3,6,13
Europe,,1906,0,0,2,0,4,5,13
Europe,,1907,0,0,2,0,4,5,13
Europe,,1908,0,0,2,0,4,5,13
Europe,,1909,0,1,1,0,4,5,13
Europe,,1910,0,1,1,0,4,5,13
Europe,,1911,0,1,1,0,4,6,12
Europe,,1912,0,1,1,0,4,6,12
Europe,,1913,0,1,1,0,4,6,12
Europe,,1914,0,1,1,0,3,6,14
Europe,,1915,0,1,1,0,3,7,14
Europe,,1916,0,1,1,0,3,6,15
Europe,,1917,0,1,1,0,3,9,12
Europe,,1918,0,1,1,0,5,7,14
Europe,,1919,0,1,1,0,8,7,12
Europe,,1920,0,1,1,1,10,9,9
Europe,,1921,0,1,1,1,14,8,6
Europe,,1922,0,1,1,2,14,7,6
Europe,,1923,0,1,1,2,15,5,7
Europe,,1924,0,1,1,3,14,5,7
Europe,,1925,0,1,1,3,14,5,7
Europe,,1926,0,1,1,3,13,5,8
Europe,,1927,0,1,1,3,12,4,10
Europe,,1928,0,1,1,3,12,4,10
Europe,,1929,0,1,1,3,12,3,11
Europe,,1930,0,1,1,3,12,3,11
Europe,,1931,0,1,1,3,12,3,11
Europe,,1932,0,1,2,2,13,4,8
Europe,,1933,0,1,2,2,11,6,8
Europe,,1934,0,2,2,1,9,4,12
Europe,,1935,0,2,2,1,9,3,14
Europe,,1936,0,2,3,2,7,3,14
Europe,,1937,0,2,3,4,4,4,14
Europe,,1938,0,2,3,5,3,3,15
Europe,,1939,1,1,3,6,1,1,16
Europe,,1940,1,0,2,4,0,2,17
Europe,,1941,1,0,2,4,0,2,18
Europe,,1942,1,0,2,4,0,1,19
Europe,,1943,1,0,1,4,0,2,19
Europe,,1944,1,0,1,4,0,1,21
Europe,,1945,1,0,1,4,1,3,17
Europe,,1946,1,0,1,4,6,2,13
Europe,,1947,1,0,1,4,8,5,8
Europe,,1948,1,0,2,3,9,4,8
Europe,,1949,1,0,3,2,10,3,10
Europe,,1950,1,0,3,2,10,3,10
Europe,,1951,1,0,4,1,10,2,11
Europe,,1952,1,0,5,0,10,1,12
Europe,,1953,1,0,5,0,10,1,12
Europe,,1954,1,0,5,0,10,1,12
Europe,,1955,1,0,5,0,10,1,12
Europe,,1956,1,0,5,0,10,1,12
Europe,,1957,1,0,5,0,10,2,11
Europe,,1958,1,0,5,0,10,3,10
Europe,,1959,1,0,5,0,9,3,11
Europe,,1960,1,0,5,0,9,4,10
Europe,,1961,1,0,5,0,9,3,11
Europe,,1962,1,0,5,0,9,4,10
Europe,,1963,1,0,5,1,9,3,10
Europe,,1964,1,1,4,6,4,3,10
Europe,,1965,1,1,4,8,2,3,10
Europe,,1966,1,1,4,8,2,3,10
Europe,,1967,1,1,4,9,1,2,11
Europe,,1968,1,1,4,9,1,2,11
Europe,,1969,1,1,4,9,1,2,11
Europe,,1970,1,1,4,9,1,2,11
Europe,,1971,1,1,4,9,1,2,11
Europe,,1972,1,1,4,9,1,2,11
Europe,,1973,1,1,4,9,1,2,11
Europe,,1974,1,1,4,9,1,3,10
Europe,,1975,1,1,5,8,3,1,10
Europe,,1976,1,1,10,3,4,1,9
Europe,,1977,1,1,12,1,4,1,9
Europe,,1978,1,2,11,1,5,0,9
Europe,,1979,1,3,11,0,5,0,9
Europe,,1980,1,3,11,0,5,0,9
Europe,,1981,1,4,10,1,4,0,9
Europe,,1982,1,5,9,1,4,0,9
Europe,,1983,1,5,9,1,4,0,9
Europe,,1984,1,5,9,1,4,0,9
Europe,,1985,1,5,9,1,4,0,9
Europe,,1986,1,5,9,1,4,0,9
Europe,,1987,1,5,9,1,4,0,9
Europe,,1988,1,5,9,1,4,0,9
Europe,,1989,1,5,9,1,4,2,8
Europe,,1990,1,5,9,1,14,2,4
Europe,,1991,1,5,9,1,14,4,3
Europe,,1992,1,5,9,1,16,4,2
Europe,,1993,1,5,10,2,14,4,2
Europe,,1994,2,4,10,3,14,5,1
Europe,,1995,2,4,10,3,14,5,1
Europe,,1996,2,4,10,4,12,7,0
Europe,,1997,2,4,10,4,13,6,0
Europe,,1998,2,4,10,4,13,7,0
Europe,,1999,2,4,10,4,12,8,1
Europe,,2000,2,4,10,4,13,7,1
Europe,,2001,2,4,10,4,14,6,1
Europe,,2002,2,4,10,4,15,6,0
Europe,,2003,2,4,10,4,16,5,0
Europe,,2004,2,4,10,4,17,4,0
Europe,,2005,2,5,11,2,17,4,0
Europe,,2006,2,10,7,1,17,4,0
Europe,,2007,2,12,5,1,17,4,0
Europe,,2008,3,11,6,8,9,4,0
Europe,,2009,4,11,5,8,10,3,0
Europe,,2010,4,11,5,8,10,3,0
Europe,,2011,5,10,5,9,7,5,0
Europe,,2012,6,9,5,10,6,5,0
Europe,,2013,6,9,5,10,5,6,0
Europe,,2014,6,9,5,10,5,6,0
Europe,,2015,6,9,5,11,4,6,0
Europe,,2016,6,9,5,11,4,6,0
Europe,,2017,6,9,5,11,5,5,0
Europe,,2018,6,9,5,11,3,7,0
Europe,,2019,6,9,5,11,3,7,0
Europe,,2020,6,9,12,4,4,6,0
Europe,,2021,6,9,12,4,5,5,0
Europe,,2022,6,9,12,4,4,6,0
North America,,1789,0,0,0,0,0,0,6
North America,,1790,0,0,0,0,0,0,6
North America,,1791,0,0,0,0,0,0,6
North America,,1792,0,0,0,0,0,0,6
North America,,1793,0,0,0,0,0,0,6
North America,,1794,0,0,0,0,0,0,6
North America,,1795,0,0,0,0,0,0,6
North America,,1796,0,0,0,0,0,1,5
North America,,1797,0,0,0,0,0,1,5
North America,,1798,0,0,0,0,0,1,5
North America,,1799,0,0,0,0,0,1,5
North America,,1800,0,0,0,0,0,1,5
North America,,1801,0,0,0,0,0,1,5
North America,,1802,0,0,0,0,0,1,5
North America,,1803,0,0,0,0,0,1,5
North America,,1804,0,0,0,0,0,1,5
North America,,1805,0,0,0,0,0,1,5
North America,,1806,0,0,0,0,0,1,5
North America,,1807,0,0,0,0,0,1,5
North America,,1808,0,0,0,0,0,1,5
North America,,1809,0,0,0,0,0,1,5
North America,,1810,0,0,0,0,0,1,5
North America,,1811,0,0,0,0,0,1,5
North America,,1812,0,0,0,0,0,1,5
North America,,1813,0,0,0,0,0,1,5
North America,,1814,0,0,0,0,0,1,5
North America,,1815,0,0,0,0,0,1,5
North America,,1816,0,0,0,0,0,1,5
North America,,1817,0,0,0,0,0,1,5
North America,,1818,0,0,0,0,0,1,5
North America,,1819,0,0,0,0,0,1,5
North America,,1820,0,0,0,0,0,1,5
North America,,1821,0,0,0,0,0,1,5
North America,,1822,0,0,0,0,0,1,4
North America,,1823,0,0,0,0,0,1,4
North America,,1824,0,0,0,0,0,1,4
North America,,1825,0,0,0,0,0,1,4
North America,,1826,0,0,0,0,0,1,4
North America,,1827,0,0,0,0,0,1,4
North America,,1828,0,0,0,0,0,1,4
North America,,1829,0,0,0,0,0,1,4
North America,,1830,0,0,0,0,0,1,4
North America,,1831,0,0,0,0,0,1,4
North America,,1832,0,0,0,0,0,1,4
North America,,1833,0,0,0,0,0,1,4
North America,,1834,0,0,0,0,0,1,4
North America,,1835,0,0,0,0,0,1,4
North America,,1836,0,0,0,0,0,1,4
North America,,1837,0,0,0,0,0,1,4
North America,,1838,0,0,0,0,0,1,7
North America,,1839,0,0,0,0,0,2,7
North America,,1840,0,0,0,0,0,2,7
North America,,1841,0,0,0,0,0,1,9
North America,,1842,0,0,0,0,0,3,7
North America,,1843,0,0,0,0,0,3,7
North America,,1844,0,0,0,0,0,4,7
North America,,1845,0,0,0,0,0,4,7
North America,,1846,0,0,0,0,0,3,8
North America,,1847,0,0,0,0,0,4,7
North America,,1848,0,0,0,0,0,5,6
North America,,1849,0,0,0,0,0,5,5
North America,,1850,0,0,0,0,0,5,5
North America,,1851,0,0,0,0,0,5,5
North America,,1852,0,0,0,0,0,5,6
North America,,1853,0,0,0,0,0,5,6
North America,,1854,0,0,0,0,0,5,6
North America,,1855,0,0,0,0,0,5,6
North America,,1856,0,0,0,0,0,4,7
North America,,1857,0,0,0,0,0,4,7
North America,,1858,0,0,0,0,0,3,8
North America,,1859,0,0,0,0,0,3,8
North America,,1860,0,0,0,0,0,3,8
North America,,1861,0,0,0,0,0,3,8
North America,,1862,0,0,0,0,0,3,8
North America,,1863,0,0,0,0,0,1,10
North America,,1864,0,0,0,0,0,2,9
North America,,1865,0,0,0,0,0,3,8
North America,,1866,0,0,0,0,0,3,8
North America,,1867,0,0,0,0,0,3,7
North America,,1868,0,0,0,0,0,3,8
North America,,1869,0,0,0,0,0,3,8
North America,,1870,0,0,0,0,0,4,7
North America,,1871,0,0,0,0,0,3,8
North America,,1872,0,0,0,0,0,3,8
North America,,1873,0,0,0,0,0,4,7
North America,,1874,0,0,0,0,0,4,7
North America,,1875,0,0,0,0,0,4,7
North America,,1876,0,0,0,0,0,4,7
North America,,1877,0,0,0,0,0,2,9
North America,,1878,0,0,0,0,0,3,8
North America,,1879,0,0,0,0,0,3,7
North America,,1880,0,0,0,0,0,5,6
North America,,1881,0,0,0,0,0,5,6
North America,,1882,0,0,0,0,0,5,6
North America,,1883,0,0,0,0,0,5,6
North America,,1884,0,0,0,0,0,5,6
North America,,1885,0,0,0,0,0,3,8
North America,,1886,0,0,0,0,0,3,8
North America,,1887,0,0,0,0,0,4,7
North America,,1888,0,0,0,0,0,4,7
North America,,1889,0,0,0,0,0,5,6
North America,,1890,0,0,0,0,0,3,8
North America,,1891,0,0,0,0,0,3,8
North America,,1892,0,0,0,0,0,4,7
North America,,1893,0,0,0,0,0,4,7
North America,,1894,0,0,0,0,0,4,7
North America,,1895,0,0,0,0,0,4,7
North America,,1896,0,0,0,0,0,3,8
North America,,1897,0,0,0,0,0,4,7
North America,,1898,0,0,0,0,0,3,8
North America,,1899,0,0,0,0,0,4,7
North America,,1900,0,0,0,0,0,6,8
North America,,1901,0,0,0,0,0,6,8
North America,,1902,0,0,0,0,0,6,8
North America,,1903,0,0,0,0,0,6,9
North America,,1904,0,0,0,0,0,7,8
North America,,1905,0,0,0,0,0,7,7
North America,,1906,0,0,0,0,0,6,9
North America,,1907,0,0,0,0,0,6,9
North America,,1908,0,0,0,0,0,5,10
North America,,1909,0,0,0,0,0,6,9
North America,,1910,0,0,0,0,0,6,9
North America,,1911,0,0,0,0,0,6,9
North America,,1912,0,0,0,0,0,7,7
North America,,1913,0,0,0,0,0,9,5
North America,,1914,0,0,0,0,0,9,5
North America,,1915,0,0,0,0,0,8,6
North America,,1916,0,0,0,0,0,8,7
North America,,1917,0,0,0,0,0,6,9
North America,,1918,0,0,0,0,0,5,8
North America,,1919,0,0,0,0,0,6,8
North America,,1920,0,0,0,0,1,7,6
North America,,1921,0,0,0,0,2,6,6
North America,,1922,0,0,0,0,2,5,6
North America,,1923,0,0,0,0,2,6,5
North America,,1924,0,0,0,0,2,6,5
North America,,1925,0,0,0,0,2,7,4
North America,,1926,0,0,0,0,2,7,4
North America,,1927,0,0,0,0,2,5,6
North America,,1928,0,0,0,0,2,6,6
North America,,1929,0,0,0,0,2,5,7
North America,,1930,0,0,0,0,2,6,6
North America,,1931,0,0,0,0,2,7,5
North America,,1932,0,0,0,0,2,7,5
North America,,1933,0,0,0,0,2,6,6
North America,,1934,0,0,0,0,2,7,6
North America,,1935,0,0,0,0,2,5,8
North America,,1936,0,0,0,0,2,6,7
North America,,1937,0,0,0,0,2,6,7
North America,,1938,0,0,0,1,1,6,7
North America,,1939,0,0,0,2,0,6,7
North America,,1940,0,0,0,2,0,6,7
North America,,1941,0,0,0,2,0,6,7
North America,,1942,0,0,0,2,0,6,7
North America,,1943,0,0,0,2,0,6,7
North America,,1944,0,0,0,2,0,7,6
North America,,1945,0,0,0,2,0,7,6
North America,,1946,0,0,0,2,0,6,7
North America,,1947,0,0,0,2,0,7,6
North America,,1948,0,0,0,2,0,6,7
North America,,1949,0,0,0,2,0,6,7
North America,,1950,0,0,1,1,1,6,6
North America,,1951,0,0,2,0,1,5,7
North America,,1952,0,0,2,0,1,5,7
North America,,1953,0,0,2,0,1,6,6
North America,,1954,0,0,2,0,1,5,7
North America,,1955,0,0,2,0,2,5,6
North America,,1956,0,0,2,0,2,7,4
North America,,1957,0,0,2,0,2,8,3
North America,,1958,0,0,2,0,2,7,4
North America,,1959,0,0,2,0,2,6,5
North America,,1960,0,0,2,0,3,5,5
North America,,1961,0,0,2,0,3,3,7
North America,,1962,0,0,2,0,4,3,6
North America,,1963,0,0,2,0,4,5,4
North America,,1964,0,0,2,0,4,4,5
North America,,1965,0,0,2,0,4,5,4
North America,,1966,0,0,2,0,4,5,4
North America,,1967,0,0,2,0,4,6,3
North America,,1968,0,0,2,1,3,5,4
North America,,1969,0,0,2,1,3,5,4
North America,,1970,0,0,2,1,3,5,4
North America,,1971,0,0,2,1,3,6,3
North America,,1972,0,0,2,1,3,5,4
North America,,1973,0,0,2,2,2,4,4
North America,,1974,0,0,2,2,2,4,5
North America,,1975,0,0,2,2,2,4,5
North America,,1976,0,0,2,2,2,4,5
North America,,1977,0,0,2,1,2,5,5
North America,,1978,0,0,2,2,1,5,5
North America,,1979,0,0,2,2,1,4,6
North America,,1980,0,1,2,2,1,3,6
North America,,1981,0,2,1,2,0,4,6
North America,,1982,0,2,1,2,1,3,6
North America,,1983,0,2,1,2,1,3,6
North America,,1984,0,2,1,2,2,2,5
North America,,1985,0,2,1,2,2,4,4
North America,,1986,0,2,1,2,2,5,3
North America,,1987,0,2,1,2,2,5,3
North America,,1988,0,2,1,2,2,6,2
North America,,1989,0,2,1,2,2,5,3
North America,,1990,0,2,2,1,2,5,3
North America,,1991,0,2,2,1,3,6,1
North America,,1992,0,2,3,0,3,5,2
North America,,1993,0,2,3,0,3,5,2
North America,,1994,0,2,3,0,4,5,1
North America,,1995,0,2,3,0,4,5,1
North America,,1996,0,2,3,0,6,3,1
North America,,1997,0,2,3,0,7,2,1
North America,,1998,0,2,3,0,7,2,1
North America,,1999,0,2,3,0,8,1,1
North America,,2000,0,2,3,0,8,1,1
North America,,2001,0,2,3,0,8,1,1
North America,,2002,0,2,3,1,7,1,1
North America,,2003,0,2,3,1,7,1,1
North America,,2004,0,2,3,1,7,0,2
North America,,2005,0,2,3,1,7,0,2
North America,,2006,0,2,3,1,7,1,1
North America,,2007,0,2,3,1,6,2,1
North America,,2008,0,2,3,1,6,2,1
North America,,2009,0,2,3,2,4,3,1
North America,,2010,1,2,2,2,4,3,1
North America,,2011,2,1,2,2,4,3,1
North America,,2012,2,1,2,2,4,3,1
North America,,2013,2,1,2,2,4,3,1
North America,,2014,2,1,3,3,2,3,1
North America,,2015,2,1,3,4,1,3,1
North America,,2016,2,1,3,4,1,3,1
North America,,2017,2,1,3,5,0,3,1
North America,,2018,2,1,3,5,0,3,1
North America,,2019,2,1,3,5,0,3,1
North America,,2020,2,2,2,5,0,3,1
North America,,2021,2,2,3,2,0,5,1
North America,,2022,2,3,2,2,1,4,1
Oceania,,1789,0,0,0,0,0,0,1
Oceania,,1790,0,0,0,0,0,0,1
Oceania,,1791,0,0,0,0,0,0,1
Oceania,,1792,0,0,0,0,0,0,1
Oceania,,1793,0,0,0,0,0,0,1
Oceania,,1794,0,0,0,0,0,0,1
Oceania,,1795,0,0,0,0,0,0,1
Oceania,,1796,0,0,0,0,0,0,1
Oceania,,1797,0,0,0,0,0,0,1
Oceania,,1798,0,0,0,0,0,0,1
Oceania,,1799,0,0,0,0,0,0,1
Oceania,,1800,0,0,0,0,0,0,1
Oceania,,1801,0,0,0,0,0,0,1
Oceania,,1802,0,0,0,0,0,0,1
Oceania,,1803,0,0,0,0,0,0,1
Oceania,,1804,0,0,0,0,0,0,1
Oceania,,1805,0,0,0,0,0,0,1
Oceania,,1806,0,0,0,0,0,0,1
Oceania,,1807,0,0,0,0,0,0,1
Oceania,,1808,0,0,0,0,0,0,1
Oceania,,1809,0,0,0,0,0,0,1
Oceania,,1810,0,0,0,0,0,0,1
Oceania,,1811,0,0,0,0,0,0,1
Oceania,,1812,0,0,0,0,0,0,1
Oceania,,1813,0,0,0,0,0,0,1
Oceania,,1814,0,0,0,0,0,0,1
Oceania,,1815,0,0,0,0,0,0,1
Oceania,,1816,0,0,0,0,0,0,1
Oceania,,1817,0,0,0,0,0,0,1
Oceania,,1818,0,0,0,0,0,0,1
Oceania,,1819,0,0,0,0,0,0,1
Oceania,,1820,0,0,0,0,0,0,1
Oceania,,1821,0,0,0,0,0,0,1
Oceania,,1822,0,0,0,0,0,0,1
Oceania,,1823,0,0,0,0,0,0,1
Oceania,,1824,0,0,0,0,0,0,1
Oceania,,1825,0,0,0,0,0,0,1
Oceania,,1826,0,0,0,0,0,0,1
Oceania,,1827,0,0,0,0,0,0,1
Oceania,,1828,0,0,0,0,0,0,1
Oceania,,1829,0,0,0,0,0,0,1
Oceania,,1830,0,0,0,0,0,0,1
Oceania,,1831,0,0,0,0,0,0,1
Oceania,,1832,0,0,0,0,0,0,1
Oceania,,1833,0,0,0,0,0,0,1
Oceania,,1834,0,0,0,0,0,0,1
Oceania,,1835,0,0,0,0,0,0,1
Oceania,,1836,0,0,0,0,0,0,1
Oceania,,1837,0,0,0,0,0,0,1
Oceania,,1838,0,0,0,0,0,0,1
Oceania,,1839,0,0,0,0,0,0,1
Oceania,,1840,0,0,0,0,0,0,1
Oceania,,1841,0,0,0,0,0,0,1
Oceania,,1842,0,0,0,0,0,0,1
Oceania,,1843,0,0,0,0,0,0,1
Oceania,,1844,0,0,0,0,0,0,1
Oceania,,1845,0,0,0,0,0,0,1
Oceania,,1846,0,0,0,0,0,0,1
Oceania,,1847,0,0,0,0,0,0,1
Oceania,,1848,0,0,0,0,0,0,1
Oceania,,1849,0,0,0,0,0,0,1
Oceania,,1850,0,0,0,0,0,0,1
Oceania,,1851,0,0,0,0,0,0,1
Oceania,,1852,0,0,0,0,0,0,1
Oceania,,1853,0,0,0,0,0,0,2
Oceania,,1854,0,0,0,0,0,0,2
Oceania,,1855,0,0,0,0,0,0,2
Oceania,,1856,0,0,0,0,0,1,1
Oceania,,1857,0,0,0,0,0,1,1
Oceania,,1858,0,0,0,0,1,0,1
Oceania,,1859,0,0,0,0,1,0,1
Oceania,,1860,0,0,0,0,1,0,1
Oceania,,1861,0,0,0,0,1,0,0
Oceania,,1862,0,0,0,0,1,0,0
Oceania,,1863,0,0,0,0,1,0,0
Oceania,,1864,0,0,0,0,1,0,0
Oceania,,1865,0,0,0,0,1,0,0
Oceania,,1866,0,0,0,0,1,0,0
Oceania,,1867,0,0,0,0,1,0,0
Oceania,,1868,0,0,0,0,1,0,0
Oceania,,1869,0,0,0,0,1,0,0
Oceania,,1870,0,0,0,0,1,0,0
Oceania,,1871,0,0,0,0,1,0,0
Oceania,,1872,0,0,0,0,1,0,0
Oceania,,1873,0,0,0,0,1,0,0
Oceania,,1874,0,0,0,0,1,0,0
Oceania,,1875,0,0,0,0,1,0,0
Oceania,,1876,0,0,0,1,0,0,0
Oceania,,1877,0,0,0,1,0,0,0
Oceania,,1878,0,0,0,1,0,0,0
Oceania,,1879,0,0,0,1,0,0,0
Oceania,,1880,0,0,0,1,0,0,0
Oceania,,1881,0,0,0,1,0,0,0
Oceania,,1882,0,0,0,1,0,0,0
Oceania,,1883,0,0,0,1,0,0,0
Oceania,,1884,0,0,0,1,0,0,0
Oceania,,1885,0,0,0,1,0,0,0
Oceania,,1886,0,0,0,1,0,0,0
Oceania,,1887,0,0,0,1,1,0,0
Oceania,,1888,0,0,1,0,1,0,0
Oceania,,1889,0,0,1,0,1,0,0
Oceania,,1890,0,0,1,0,1,0,0
Oceania,,1891,0,0,1,0,1,0,0
Oceania,,1892,0,0,1,0,1,0,0
Oceania,,1893,0,0,1,0,1,0,0
Oceania,,1894,0,0,1,0,1,0,0
Oceania,,1895,0,0,1,0,1,0,0
Oceania,,1896,0,0,1,0,1,0,0
Oceania,,1897,0,0,1,0,1,0,0
Oceania,,1898,0,0,1,0,1,0,0
Oceania,,1899,0,0,1,0,1,0,0
Oceania,,1900,0,0,1,0,1,0,4
Oceania,,1901,0,0,1,0,1,0,4
Oceania,,1902,0,0,1,0,1,0,4
Oceania,,1903,0,0,1,0,1,0,4
Oceania,,1904,0,0,1,0,1,0,4
Oceania,,1905,0,0,1,1,0,0,4
Oceania,,1906,0,0,1,1,0,0,4
Oceania,,1907,0,0,1,1,0,0,4
Oceania,,1908,0,0,1,1,0,0,4
Oceania,,1909,0,0,1,1,0,0,4
Oceania,,1910,0,0,1,1,0,0,4
Oceania,,1911,0,0,1,1,0,0,4
Oceania,,1912,0,0,1,1,0,0,4
Oceania,,1913,0,0,1,1,0,0,4
Oceania,,1914,0,0,1,1,0,0,4
Oceania,,1915,0,0,1,1,0,0,4
Oceania,,1916,0,0,1,1,0,0,4
Oceania,,1917,0,0,2,0,0,0,4
Oceania,,1918,0,1,1,0,0,0,4
Oceania,,1919,0,1,1,0,0,0,4
Oceania,,1920,0,1,1,0,0,0,4
Oceania,,1921,0,1,1,0,0,0,4
Oceania,,1922,0,1,1,0,0,0,4
Oceania,,1923,0,1,1,0,0,0,4
Oceania,,1924,0,1,1,0,0,0,4
Oceania,,1925,0,1,1,0,0,0,4
Oceania,,1926,0,1,1,0,0,0,4
Oceania,,1927,0,1,1,0,0,0,4
Oceania,,1928,0,1,1,0,0,0,4
Oceania,,1929,0,1,1,0,0,0,4
Oceania,,1930,0,1,1,0,0,0,4
Oceania,,1931,0,1,1,0,0,0,4
Oceania,,1932,0,1,1,0,0,0,4
Oceania,,1933,0,1,1,0,0,0,4
Oceania,,1934,0,1,1,0,0,0,4
Oceania,,1935,0,1,1,0,0,0,4
Oceania,,1936,0,1,1,0,0,0,4
Oceania,,1937,0,1,1,0,0,0,4
Oceania,,1938,0,1,1,0,0,0,4
Oceania,,1939,0,1,1,0,0,0,4
Oceania,,1940,0,1,1,0,0,0,4
Oceania,,1941,0,1,1,0,0,0,4
Oceania,,1942,0,1,1,0,0,0,4
Oceania,,1943,0,1,1,0,0,0,4
Oceania,,1944,0,1,1,0,0,0,4
Oceania,,1945,0,1,1,0,0,0,4
Oceania,,1946,0,1,1,0,0,0,4
Oceania,,1947,0,2,0,0,0,0,4
Oceania,,1948,1,1,0,0,0,0,4
Oceania,,1949,1,1,0,0,0,0,4
Oceania,,1950,1,1,0,0,0,0,4
Oceania,,1951,1,1,0,0,0,0,4
Oceania,,1952,1,1,0,0,0,0,4
Oceania,,1953,1,1,0,0,0,0,4
Oceania,,1954,1,1,0,0,0,0,4
Oceania,,1955,1,1,0,0,0,0,4
Oceania,,1956,1,1,0,0,0,0,4
Oceania,,1957,1,1,0,0,0,0,4
Oceania,,1958,1,1,0,0,0,0,4
Oceania,,1959,1,1,0,0,0,0,4
Oceania,,1960,1,1,0,0,0,0,4
Oceania,,1961,1,1,0,0,0,0,4
Oceania,,1962,1,1,0,0,0,0,4
Oceania,,1963,1,1,0,0,0,0,4
Oceania,,1964,1,1,0,0,0,0,4
Oceania,,1965,1,1,0,0,0,0,4
Oceania,,1966,1,1,0,0,0,0,4
Oceania,,1967,1,1,0,0,0,1,3
Oceania,,1968,1,1,0,0,0,1,3
Oceania,,1969,1,1,0,0,0,1,3
Oceania,,1970,1,1,0,0,1,0,3
Oceania,,1971,1,1,0,0,1,0,3
Oceania,,1972,1,1,0,0,1,1,2
Oceania,,1973,1,1,0,0,2,0,2
Oceania,,1974,1,1,0,0,2,1,1
Oceania,,1975,1,1,0,0,2,1,1
Oceania,,1976,1,1,0,0,2,1,1
Oceania,,1977,2,0,0,0,2,2,0
Oceania,,1978,2,0,0,0,2,2,0
Oceania,,1979,2,0,0,0,3,1,0
Oceania,,1980,2,0,0,0,4,0,0
Oceania,,1981,2,0,0,0,4,0,0
Oceania,,1982,2,0,0,0,4,0,0
Oceania,,1983,2,0,0,0,4,0,0
Oceania,,1984,2,0,0,0,4,0,0
Oceania,,1985,2,0,0,0,4,0,0
Oceania,,1986,2,0,0,0,4,0,0
Oceania,,1987,2,0,0,0,3,0,1
Oceania,,1988,2,0,0,0,3,0,1
Oceania,,1989,2,0,0,0,3,0,1
Oceania,,1990,2,0,0,0,3,0,1
Oceania,,1991,2,0,0,1,2,0,1
Oceania,,1992,2,0,0,1,2,1,0
Oceania,,1993,2,0,0,1,3,0,0
Oceania,,1994,2,0,0,1,3,0,0
Oceania,,1995,2,0,0,1,3,0,0
Oceania,,1996,2,0,0,1,3,0,0
Oceania,,1997,2,0,0,2,2,0,0
Oceania,,1998,2,0,0,3,1,0,0
Oceania,,1999,2,0,0,3,1,0,0
Oceania,,2000,2,0,0,2,0,1,1
Oceania,,2001,2,0,0,2,0,1,1
Oceania,,2002,2,0,0,2,0,2,0
Oceania,,2003,2,0,1,1,1,1,0
Oceania,,2004,2,0,1,1,2,0,0
Oceania,,2005,2,0,1,1,2,0,0
Oceania,,2006,2,0,1,1,0,2,0
Oceania,,2007,2,0,0,1,1,1,1
Oceania,,2008,2,0,0,1,1,1,1
Oceania,,2009,2,0,0,1,1,1,1
Oceania,,2010,2,0,1,0,1,1,1
Oceania,,2011,2,0,1,0,1,1,1
Oceania,,2012,2,0,1,0,1,1,1
Oceania,,2013,2,0,1,0,1,1,1
Oceania,,2014,2,0,1,0,1,2,0
Oceania,,2015,2,0,1,0,1,2,0
Oceania,,2016,2,0,1,0,1,2,0
Oceania,,2017,2,0,1,0,1,2,0
Oceania,,2018,2,0,1,0,1,2,0
Oceania,,2019,2,0,1,0,1,2,0
Oceania,,2020,2,0,1,0,1,2,0
Oceania,,2021,2,0,1,0,1,2,0
Oceania,,2022,2,0,1,0,1,2,0
South America,,1789,0,0,0,0,0,0,4
South America,,1790,0,0,0,0,0,0,4
South America,,1791,0,0,0,0,0,0,4
South America,,1792,0,0,0,0,0,0,4
South America,,1793,0,0,0,0,0,0,4
South America,,1794,0,0,0,0,0,0,4
South America,,1795,0,0,0,0,0,0,4
South America,,1796,0,0,0,0,0,0,4
South America,,1797,0,0,0,0,0,0,4
South America,,1798,0,0,0,0,0,0,4
South America,,1799,0,0,0,0,0,0,4
South America,,1800,0,0,0,0,0,0,4
South America,,1801,0,0,0,0,0,0,4
South America,,1802,0,0,0,0,0,0,4
South America,,1803,0,0,0,0,0,0,4
South America,,1804,0,0,0,0,0,0,4
South America,,1805,0,0,0,0,0,0,4
South America,,1806,0,0,0,0,0,0,4
South America,,1807,0,0,0,0,0,0,4
South America,,1808,0,0,0,0,0,0,4
South America,,1809,0,0,0,0,0,0,4
South America,,1810,0,0,0,0,0,0,5
South America,,1811,0,0,0,0,0,0,6
South America,,1812,0,0,0,0,0,0,6
South America,,1813,0,0,0,0,0,0,6
South America,,1814,0,0,0,0,0,0,6
South America,,1815,0,0,0,0,0,0,6
South America,,1816,0,0,0,0,0,0,6
South America,,1817,0,0,0,0,0,1,5
South America,,1818,0,0,0,0,0,1,5
South America,,1819,0,0,0,0,0,0,5
South America,,1820,0,0,0,0,0,0,4
South America,,1821,0,0,0,0,0,1,4
South America,,1822,0,0,0,0,0,2,4
South America,,1823,0,0,0,0,0,2,4
South America,,1824,0,0,0,0,0,2,3
South America,,1825,0,0,0,0,0,2,5
South America,,1826,0,0,0,0,0,2,6
South America,,1827,0,0,0,0,0,2,6
South America,,1828,0,0,0,0,0,2,6
South America,,1829,0,0,0,0,0,3,5
South America,,1830,0,0,0,0,0,2,8
South America,,1831,0,0,0,0,0,4,6
South America,,1832,0,0,0,0,0,4,6
South America,,1833,0,0,0,0,0,4,6
South America,,1834,0,0,0,0,0,4,6
South America,,1835,0,0,0,0,0,5,5
South America,,1836,0,0,0,0,0,5,5
South America,,1837,0,0,0,0,0,6,4
South America,,1838,0,0,0,0,0,5,5
South America,,1839,0,0,0,0,0,5,5
South America,,1840,0,0,0,0,0,4,6
South America,,1841,0,0,0,0,0,3,7
South America,,1842,0,0,0,0,0,3,7
South America,,1843,0,0,0,0,0,3,7
South America,,1844,0,0,0,0,0,3,7
South America,,1845,0,0,0,0,0,3,7
South America,,1846,0,0,0,0,0,3,7
South America,,1847,0,0,0,0,0,3,7
South America,,1848,0,0,0,0,0,3,7
South America,,1849,0,0,0,0,0,2,8
South America,,1850,0,0,0,0,0,2,8
South America,,1851,0,0,0,0,0,4,6
South America,,1852,0,0,0,0,0,4,6
South America,,1853,0,0,0,0,0,3,7
South America,,1854,0,0,0,0,0,4,6
South America,,1855,0,0,0,0,0,4,6
South America,,1856,0,0,0,0,0,4,5
South America,,1857,0,0,0,0,0,4,5
South America,,1858,0,0,0,0,0,3,6
South America,,1859,0,0,0,0,0,5,5
South America,,1860,0,0,0,0,0,5,5
South America,,1861,0,0,0,0,0,3,7
South America,,1862,0,0,0,0,0,4,6
South America,,1863,0,0,0,0,0,5,5
South America,,1864,0,0,0,0,0,4,6
South America,,1865,0,0,0,0,0,2,7
South America,,1866,0,0,0,0,0,3,6
South America,,1867,0,0,0,0,0,2,7
South America,,1868,0,0,0,0,0,4,5
South America,,1869,0,0,0,0,0,3,7
South America,,1870,0,0,0,0,0,4,6
South America,,1871,0,0,0,0,0,3,7
South America,,1872,0,0,0,0,0,5,5
South America,,1873,0,0,0,0,0,3,7
South America,,1874,0,0,0,0,0,4,6
South America,,1875,0,0,0,0,0,3,6
South America,,1876,0,0,0,0,0,3,7
South America,,1877,0,0,0,0,0,2,8
South America,,1878,0,0,0,0,0,3,6
South America,,1879,0,0,0,0,0,2,8
South America,,1880,0,0,0,0,0,4,6
South America,,1881,0,0,0,0,0,5,5
South America,,1882,0,0,0,0,0,6,4
South America,,1883,0,0,0,0,0,5,5
South America,,1884,0,0,0,0,0,6,4
South America,,1885,0,0,0,0,0,4,6
South America,,1886,0,0,0,0,0,5,4
South America,,1887,0,0,0,0,0,5,4
South America,,1888,0,0,0,0,0,4,4
South America,,1889,0,0,0,0,0,4,4
South America,,1890,0,0,0,0,0,4,4
South America,,1891,0,0,0,0,0,3,5
South America,,1892,0,0,0,0,0,5,4
South America,,1893,0,0,0,0,0,4,5
South America,,1894,0,0,0,0,0,6,3
South America,,1895,0,0,0,0,0,6,4
South America,,1896,0,0,0,0,0,6,4
South America,,1897,0,0,0,0,0,6,3
South America,,1898,0,0,0,0,0,8,1
South America,,1899,0,0,0,0,0,8,2
South America,,1900,0,0,0,0,0,8,4
South America,,1901,0,0,0,0,0,8,4
South America,,1902,0,0,0,0,0,8,4
South America,,1903,0,0,0,0,0,8,4
South America,,1904,0,0,0,0,0,8,4
South America,,1905,0,0,0,0,0,8,4
South America,,1906,0,0,0,0,0,7,5
South America,,1907,0,0,0,0,0,7,5
South America,,1908,0,0,0,0,0,7,5
South America,,1909,0,0,0,0,0,6,6
South America,,1910,0,0,0,0,0,6,6
South America,,1911,0,0,0,0,0,7,5
South America,,1912,0,0,0,0,0,7,5
South America,,1913,0,0,0,0,0,7,5
South America,,1914,0,0,0,0,0,7,5
South America,,1915,0,0,0,0,0,8,4
South America,,1916,0,0,0,0,0,8,4
South America,,1917,0,0,0,0,0,8,4
South America,,1918,0,0,0,0,0,8,4
South America,,1919,0,0,0,0,1,6,5
South America,,1920,0,0,0,0,1,6,5
South America,,1921,0,0,0,0,0,8,4
South America,,1922,0,0,0,0,1,7,4
South America,,1923,0,0,0,0,2,6,4
South America,,1924,0,0,0,0,2,5,5
South America,,1925,0,0,0,0,2,4,6
South America,,1926,0,0,0,0,2,5,4
South America,,1927,0,0,0,0,2,5,5
South America,,1928,0,0,0,0,2,5,5
South America,,1929,0,0,0,0,2,5,5
South America,,1930,0,0,0,0,1,3,8
South America,,1931,0,0,0,0,1,4,6
South America,,1932,0,0,0,0,1,5,5
South America,,1933,0,0,0,0,0,5,7
South America,,1934,0,0,0,0,0,4,8
South America,,1935,0,0,0,0,0,3,9
South America,,1936,0,0,0,0,0,3,9
South America,,1937,0,0,0,0,0,3,9
South America,,1938,0,0,0,0,0,6,6
South America,,1939,0,0,0,0,1,6,5
South America,,1940,0,0,0,0,1,6,5
South America,,1941,0,0,0,0,1,6,5
South America,,1942,0,0,0,0,1,6,5
South America,,1943,0,0,0,0,1,4,7
South America,,1944,0,0,0,0,1,3,7
South America,,1945,0,0,0,0,1,3,7
South America,,1946,0,0,0,0,1,4,6
South America,,1947,0,0,0,0,1,5,4
South America,,1948,0,0,0,0,1,5,5
South America,,1949,0,0,0,0,1,5,6
South America,,1950,0,0,0,0,2,4,5
South America,,1951,0,0,0,0,2,5,5
South America,,1952,0,0,0,0,2,6,4
South America,,1953,0,0,0,0,2,5,5
South America,,1954,0,0,0,0,2,5,5
South America,,1955,0,0,0,0,2,4,6
South America,,1956,0,0,0,0,2,5,5
South America,,1957,0,0,0,1,1,5,5
South America,,1958,0,0,0,1,1,7,3
South America,,1959,0,0,0,1,3,6,2
South America,,1960,0,0,0,1,3,6,2
South America,,1961,0,0,0,1,3,6,2
South America,,1962,0,0,0,1,3,4,4
South America,,1963,0,0,0,1,3,6,2
South America,,1964,0,0,0,1,4,5,2
South America,,1965,0,0,0,1,4,4,3
South America,,1966,0,0,0,1,3,6,2
South America,,1967,0,0,0,1,3,6,2
South America,,1968,0,0,0,2,2,6,2
South America,,1969,0,0,1,1,2,6,2
South America,,1970,0,0,1,1,2,5,3
South America,,1971,0,0,1,1,2,4,3
South America,,1972,0,0,0,1,2,5,4
South America,,1973,0,0,0,1,1,5,5
South America,,1974,0,0,0,1,2,4,5
South America,,1975,0,0,0,0,2,5,5
South America,,1976,0,0,0,0,2,4,6
South America,,1977,0,0,0,1,1,4,6
South America,,1978,0,0,0,1,1,4,6
South America,,1979,0,0,0,1,1,6,4
South America,,1980,0,0,0,1,1,5,5
South America,,1981,0,0,0,1,2,4,5
South America,,1982,0,0,0,1,2,4,5
South America,,1983,0,0,0,1,2,5,4
South America,,1984,0,0,0,1,3,4,4
South America,,1985,0,0,0,1,4,5,2
South America,,1986,0,0,0,1,5,4,2
South America,,1987,0,0,0,1,6,3,2
South America,,1988,0,0,0,1,7,3,1
South America,,1989,0,0,1,0,7,3,1
South America,,1990,0,0,1,0,8,3,0
South America,,1991,0,0,1,0,8,3,0
South America,,1992,0,0,1,0,8,2,1
South America,,1993,0,0,1,0,9,1,1
South America,,1994,0,0,1,0,9,1,1
South America,,1995,0,0,1,0,9,2,0
South America,,1996,0,0,1,0,9,2,0
South America,,1997,0,0,1,0,9,2,0
South America,,1998,0,0,1,1,9,1,0
South America,,1999,0,0,1,1,9,1,0
South America,,2000,0,0,1,1,9,1,0
South America,,2001,0,0,1,1,10,0,0
South America,,2002,0,0,0,2,9,1,0
South America,,2003,0,0,0,3,8,1,0
South America,,2004,0,0,0,4,7,1,0
South America,,2005,0,0,0,5,6,1,0
South America,,2006,0,0,0,5,6,1,0
South America,,2007,0,0,0,5,6,1,0
South America,,2008,0,0,0,6,5,1,0
South America,,2009,0,0,0,7,4,1,0
South America,,2010,0,0,1,7,3,1,0
South America,,2011,0,0,1,8,2,1,0
South America,,2012,0,0,1,8,2,1,0
South America,,2013,0,0,1,8,2,1,0
South America,,2014,0,0,2,7,2,1,0
South America,,2015,0,0,3,6,2,1,0
South America,,2016,0,0,4,6,1,1,0
South America,,2017,0,0,5,5,1,1,0
South America,,2018,0,0,5,5,1,1,0
South America,,2019,0,0,4,6,0,1,1
South America,,2020,0,0,5,5,0,2,0
South America,,2021,0,0,6,4,1,1,0
South America,,2022,0,0,7,3,1,1,0
World,OWID_WRL,1789,0,0,0,0,0,0,50
World,OWID_WRL,1790,0,0,0,0,0,1,51
World,OWID_WRL,1791,0,0,0,0,0,1,51
World,OWID_WRL,1792,0,0,0,0,0,2,50
World,OWID_WRL,1793,0,0,0,0,0,2,50
World,OWID_WRL,1794,0,0,0,0,0,2,50
World,OWID_WRL,1795,0,0,0,0,0,2,50
World,OWID_WRL,1796,0,0,0,0,0,4,46
World,OWID_WRL,1797,0,0,0,0,0,4,46
World,OWID_WRL,1798,0,0,0,0,0,4,46
World,OWID_WRL,1799,0,0,0,0,0,2,48
World,OWID_WRL,1800,0,0,0,0,0,2,50
World,OWID_WRL,1801,0,0,0,0,0,2,49
World,OWID_WRL,1802,0,0,0,0,0,2,51
World,OWID_WRL,1803,0,0,0,0,0,2,50
World,OWID_WRL,1804,0,0,0,0,0,2,50
World,OWID_WRL,1805,0,0,0,0,0,2,50
World,OWID_WRL,1806,0,0,0,0,0,2,50
World,OWID_WRL,1807,0,0,0,0,0,2,52
World,OWID_WRL,1808,0,0,0,0,0,2,51
World,OWID_WRL,1809,0,0,0,0,0,2,52
World,OWID_WRL,1810,0,0,0,0,0,2,51
World,OWID_WRL,1811,0,0,0,0,0,2,50
World,OWID_WRL,1812,0,0,0,0,0,2,50
World,OWID_WRL,1813,0,0,0,0,0,2,52
World,OWID_WRL,1814,0,0,0,0,0,2,54
World,OWID_WRL,1815,0,0,0,0,0,2,57
World,OWID_WRL,1816,0,0,0,0,0,2,57
World,OWID_WRL,1817,0,0,0,0,0,3,57
World,OWID_WRL,1818,0,0,0,0,0,3,57
World,OWID_WRL,1819,0,0,0,0,0,2,57
World,OWID_WRL,1820,0,0,0,0,0,2,56
World,OWID_WRL,1821,0,0,0,0,0,3,57
World,OWID_WRL,1822,0,0,0,0,0,4,58
World,OWID_WRL,1823,0,0,0,0,0,5,57
World,OWID_WRL,1824,0,0,0,0,0,4,57
World,OWID_WRL,1825,0,0,0,0,0,4,59
World,OWID_WRL,1826,0,0,0,0,0,4,60
World,OWID_WRL,1827,0,0,0,0,0,4,60
World,OWID_WRL,1828,0,0,0,0,0,4,60
World,OWID_WRL,1829,0,0,0,0,0,5,59
World,OWID_WRL,1830,0,0,0,0,0,4,63
World,OWID_WRL,1831,0,0,0,0,0,6,62
World,OWID_WRL,1832,0,0,0,0,0,7,62
World,OWID_WRL,1833,0,0,0,0,0,7,62
World,OWID_WRL,1834,0,0,0,0,0,7,63
World,OWID_WRL,1835,0,0,0,0,0,8,62
World,OWID_WRL,1836,0,0,0,0,0,9,61
World,OWID_WRL,1837,0,0,0,0,0,10,60
World,OWID_WRL,1838,0,0,0,0,0,9,64
World,OWID_WRL,1839,0,0,0,0,0,10,64
World,OWID_WRL,1840,0,0,0,0,0,8,66
World,OWID_WRL,1841,0,0,0,0,0,6,69
World,OWID_WRL,1842,0,0,0,0,0,8,67
World,OWID_WRL,1843,0,0,0,0,0,8,67
World,OWID_WRL,1844,0,0,0,0,0,9,67
World,OWID_WRL,1845,0,0,0,0,0,9,67
World,OWID_WRL,1846,0,0,0,0,0,8,69
World,OWID_WRL,1847,0,0,0,0,0,9,67
World,OWID_WRL,1848,0,0,0,0,0,16,62
World,OWID_WRL,1849,0,0,0,0,1,13,63
World,OWID_WRL,1850,0,0,0,0,1,13,63
World,OWID_WRL,1851,0,0,0,0,1,14,61
World,OWID_WRL,1852,0,0,0,0,1,14,62
World,OWID_WRL,1853,0,0,0,0,1,13,64
World,OWID_WRL,1854,0,0,0,0,1,14,63
World,OWID_WRL,1855,0,0,0,0,1,14,63
World,OWID_WRL,1856,0,0,0,0,1,14,62
World,OWID_WRL,1857,0,0,0,0,1,14,62
World,OWID_WRL,1858,0,0,0,0,2,12,63
World,OWID_WRL,1859,0,0,0,0,2,13,63
World,OWID_WRL,1860,0,0,0,0,2,13,61
World,OWID_WRL,1861,0,0,0,0,2,11,61
World,OWID_WRL,1862,0,0,0,0,2,12,58
World,OWID_WRL,1863,0,0,0,0,2,11,60
World,OWID_WRL,1864,0,0,0,0,2,11,60
World,OWID_WRL,1865,0,0,0,0,2,12,58
World,OWID_WRL,1866,0,0,0,0,2,12,58
World,OWID_WRL,1867,0,0,0,1,1,11,55
World,OWID_WRL,1868,0,0,0,1,1,13,47
World,OWID_WRL,1869,0,0,0,1,1,13,48
World,OWID_WRL,1870,0,0,0,1,1,16,45
World,OWID_WRL,1871,0,0,0,1,1,14,47
World,OWID_WRL,1872,0,0,0,1,1,16,41
World,OWID_WRL,1873,0,0,0,1,1,15,42
World,OWID_WRL,1874,0,0,0,1,2,14,42
World,OWID_WRL,1875,0,0,0,1,2,14,41
World,OWID_WRL,1876,0,0,0,2,1,14,42
World,OWID_WRL,1877,0,0,0,2,1,11,45
World,OWID_WRL,1878,0,0,0,2,1,13,43
World,OWID_WRL,1879,0,0,1,1,1,12,44
World,OWID_WRL,1880,0,0,1,1,1,16,41
World,OWID_WRL,1881,0,0,1,1,1,17,40
World,OWID_WRL,1882,0,0,1,1,1,19,38
World,OWID_WRL,1883,0,0,1,1,1,18,39
World,OWID_WRL,1884,0,0,1,1,1,19,38
World,OWID_WRL,1885,0,0,1,1,1,15,42
World,OWID_WRL,1886,0,0,1,1,1,17,39
World,OWID_WRL,1887,0,0,1,1,2,17,38
World,OWID_WRL,1888,0,0,2,0,2,16,38
World,OWID_WRL,1889,0,0,2,0,2,17,37
World,OWID_WRL,1890,0,0,2,0,2,15,39
World,OWID_WRL,1891,0,0,2,0,2,14,40
World,OWID_WRL,1892,0,0,2,1,1,17,38
World,OWID_WRL,1893,0,0,2,1,1,16,39
World,OWID_WRL,1894,0,0,2,1,1,18,37
World,OWID_WRL,1895,0,0,2,1,1,18,38
World,OWID_WRL,1896,0,0,2,1,1,17,39
World,OWID_WRL,1897,0,0,2,1,2,17,37
World,OWID_WRL,1898,0,0,2,1,1,19,36
World,OWID_WRL,1899,0,0,2,1,1,20,36
World,OWID_WRL,1900,0,0,2,1,2,21,95
World,OWID_WRL,1901,0,0,2,1,2,22,94
World,OWID_WRL,1902,0,0,2,1,3,21,96
World,OWID_WRL,1903,0,0,2,1,3,21,99
World,OWID_WRL,1904,0,0,3,0,4,22,99
World,OWID_WRL,1905,0,0,3,1,3,22,98
World,OWID_WRL,1906,0,0,3,1,4,19,101
World,OWID_WRL,1907,0,0,3,1,4,19,101
World,OWID_WRL,1908,0,0,3,1,4,18,102
World,OWID_WRL,1909,0,1,2,1,4,18,102
World,OWID_WRL,1910,0,1,2,1,4,19,102
World,OWID_WRL,1911,0,1,2,1,4,21,103
World,OWID_WRL,1912,0,1,2,1,4,22,101
World,OWID_WRL,1913,0,1,2,1,4,24,99
World,OWID_WRL,1914,0,1,2,1,3,24,102
World,OWID_WRL,1915,0,1,2,1,3,25,102
World,OWID_WRL,1916,0,1,2,1,3,24,107
World,OWID_WRL,1917,0,1,3,0,3,25,106
World,OWID_WRL,1918,0,2,2,0,5,22,110
World,OWID_WRL,1919,0,2,2,0,9,21,111
World,OWID_WRL,1920,0,2,2,1,12,24,108
World,OWID_WRL,1921,0,2,2,1,16,24,103
World,OWID_WRL,1922,0,2,2,2,17,22,106
World,OWID_WRL,1923,0,2,2,2,19,20,106
World,OWID_WRL,1924,0,2,2,3,18,19,107
World,OWID_WRL,1925,0,2,2,3,18,19,107
World,OWID_WRL,1926,0,2,2,3,17,20,106
World,OWID_WRL,1927,0,2,2,3,16,17,111
World,OWID_WRL,1928,0,2,2,3,16,18,111
World,OWID_WRL,1929,0,2,2,3,16,16,113
World,OWID_WRL,1930,0,2,2,3,15,15,115
World,OWID_WRL,1931,0,2,2,3,15,17,112
World,OWID_WRL,1932,0,2,3,2,16,19,107
World,OWID_WRL,1933,0,2,3,2,13,21,109
World,OWID_WRL,1934,0,3,3,1,11,19,114
World,OWID_WRL,1935,0,3,3,1,11,15,119
World,OWID_WRL,1936,0,3,4,2,9,16,118
World,OWID_WRL,1937,0,3,4,4,6,17,118
World,OWID_WRL,1938,0,3,4,6,4,19,116
World,OWID_WRL,1939,1,2,4,8,2,17,116
World,OWID_WRL,1940,1,1,3,6,1,18,117
World,OWID_WRL,1941,1,1,3,6,1,18,118
World,OWID_WRL,1942,1,1,3,6,1,17,118
World,OWID_WRL,1943,1,1,2,6,1,17,119
World,OWID_WRL,1944,1,1,2,6,1,16,120
World,OWID_WRL,1945,1,1,2,6,2,20,116
World,OWID_WRL,1946,1,1,2,6,7,21,111
World,OWID_WRL,1947,1,2,1,6,9,29,102
World,OWID_WRL,1948,2,1,2,5,11,26,107
World,OWID_WRL,1949,2,1,3,4,13,24,109
World,OWID_WRL,1950,2,1,4,3,15,24,105
World,OWID_WRL,1951,2,1,6,1,15,24,107
World,OWID_WRL,1952,2,1,7,0,17,24,105
World,OWID_WRL,1953,2,1,7,0,17,24,105
World,OWID_WRL,1954,2,1,7,0,17,24,105
World,OWID_WRL,1955,2,1,7,0,18,27,100
World,OWID_WRL,1956,2,1,7,0,19,31,96
World,OWID_WRL,1957,2,1,7,1,18,37,90
World,OWID_WRL,1958,2,1,7,1,17,40,88
World,OWID_WRL,1959,2,1,7,1,18,38,89
World,OWID_WRL,1960,2,1,7,1,19,45,80
World,OWID_WRL,1961,2,1,7,1,19,47,79
World,OWID_WRL,1962,2,1,7,1,20,46,79
World,OWID_WRL,1963,2,1,7,2,20,50,74
World,OWID_WRL,1964,2,2,6,7,16,46,77
World,OWID_WRL,1965,2,2,6,9,14,45,78
World,OWID_WRL,1966,2,2,6,10,13,43,80
World,OWID_WRL,1967,2,2,6,12,12,42,80
World,OWID_WRL,1968,2,2,6,14,11,42,78
World,OWID_WRL,1969,2,2,7,13,11,40,81
World,OWID_WRL,1970,2,2,7,15,10,38,82
World,OWID_WRL,1971,2,2,7,15,9,38,84
World,OWID_WRL,1972,2,2,6,15,10,36,84
World,OWID_WRL,1973,2,2,6,16,9,36,84
World,OWID_WRL,1974,2,2,6,16,10,38,83
World,OWID_WRL,1975,2,2,7,13,12,39,81
World,OWID_WRL,1976,2,2,12,8,13,35,83
World,OWID_WRL,1977,3,1,14,6,13,35,83
World,OWID_WRL,1978,3,2,14,6,13,32,85
World,OWID_WRL,1979,3,3,15,4,14,38,80
World,OWID_WRL,1980,3,4,15,4,15,38,77
World,OWID_WRL,1981,3,6,13,5,13,38,78
World,OWID_WRL,1982,3,7,13,4,14,35,80
World,OWID_WRL,1983,3,7,12,4,14,37,78
World,OWID_WRL,1984,3,7,12,4,16,36,77
World,OWID_WRL,1985,3,7,12,5,16,40,74
World,OWID_WRL,1986,3,7,12,6,16,43,70
World,OWID_WRL,1987,3,7,12,6,16,41,72
World,OWID_WRL,1988,3,7,12,6,20,40,69
World,OWID_WRL,1989,3,7,13,5,20,44,66
World,OWID_WRL,1990,3,7,14,4,34,46,63
World,OWID_WRL,1991,3,7,14,5,37,48,58
World,OWID_WRL,1992,3,7,15,4,41,50,54
World,OWID_WRL,1993,3,7,16,5,44,49,50
World,OWID_WRL,1994,4,6,16,6,45,53,44
World,OWID_WRL,1995,4,6,16,7,46,55,40
World,OWID_WRL,1996,4,6,16,8,47,58,34
World,OWID_WRL,1997,4,6,17,8,49,59,32
World,OWID_WRL,1998,4,6,18,9,49,59,31
World,OWID_WRL,1999,4,6,18,9,50,56,34
World,OWID_WRL,2000,4,6,18,8,49,57,35
World,OWID_WRL,2001,4,6,18,8,52,54,35
World,OWID_WRL,2002,4,6,17,10,53,57,29
World,OWID_WRL,2003,4,6,18,10,55,53,29
World,OWID_WRL,2004,4,6,18,11,56,52,28
World,OWID_WRL,2005,4,7,19,10,54,57,26
World,OWID_WRL,2006,4,12,15,11,50,62,23
World,OWID_WRL,2007,4,14,13,10,49,62,26
World,OWID_WRL,2008,5,13,14,20,39,62,24
World,OWID_WRL,2009,6,14,12,25,34,62,24
World,OWID_WRL,2010,7,14,13,25,34,60,23
World,OWID_WRL,2011,9,12,13,28,30,62,23
World,OWID_WRL,2012,10,12,12,28,32,62,21
World,OWID_WRL,2013,10,12,12,28,29,63,24
World,OWID_WRL,2014,10,12,14,29,29,59,23
World,OWID_WRL,2015,10,12,15,31,27,60,23
World,OWID_WRL,2016,10,12,16,31,27,58,24
World,OWID_WRL,2017,10,12,16,32,26,58,24
World,OWID_WRL,2018,10,12,18,30,24,61,23
World,OWID_WRL,2019,10,12,17,30,23,62,24
World,OWID_WRL,2020,10,13,25,23,21,62,24
World,OWID_WRL,2021,10,13,30,17,21,59,28
World,OWID_WRL,2022,10,14,30,16,20,58,30